candidate,style,status,http,checked_at,note
oldsteam_zig,curated_senior,unverified,,2026-10-06T00:32:36+00:00,not checked: reddit blocked unauthenticated requests in pass 1; not retried
ziggy_steamheat,curated_senior,unverified,,2026-10-06T00:32:36+00:00,not checked: reddit blocked unauthenticated requests in pass 1; not retried
mbell_wireman,curated_senior,unverified,,2026-10-06T00:32:36+00:00,not checked: reddit blocked unauthenticated requests in pass 1; not retried
marcusb_102,curated_senior,unverified,,2026-10-06T00:32:36+00:00,not checked: reddit blocked unauthenticated requests in pass 1; not retried
thiago_sparks,curated_senior,unverified,,2026-10-06T00:32:36+00:00,not checked: reddit blocked unauthenticated requests in pass 1; not retried
ferreira_wires,curated_senior,unverified,,2026-10-06T00:32:36+00:00,not checked: reddit blocked unauthenticated requests in pass 1; not retried
Kash_sing,curated_senior,unverified,,2026-10-06T00:32:36+00:00,not checked: reddit blocked unauthenticated requests in pass 1; not retried
kashmir_hvac,curated_senior,unverified,,2026-10-06T00:32:36+00:00,not checked: reddit blocked unauthenticated requests in pass 1; not retried
dhollis61,curated_senior,unverified,,2026-10-06T00:32:36+00:00,not checked: reddit blocked unauthenticated requests in pass 1; not retried
dwayne_ua9,curated_senior,unverified,,2026-10-06T00:32:36+00:00,not checked: reddit blocked unauthenticated requests in pass 1; not retried
hec_does_ac,curated_senior,unverified,,2026-10-06T00:32:36+00:00,not checked: reddit blocked unauthenticated requests in pass 1; not retried
hector_ac_nj,curated_senior,unverified,,2026-10-06T00:32:36+00:00,not checked: reddit blocked unauthenticated requests in pass 1; not retried
codebook_dale,curated_senior,unverified,,2026-10-06T00:32:36+00:00,not checked: reddit blocked unauthenticated requests in pass 1; not retried
dale_inspects,curated_senior,unverified,,2026-10-06T00:32:36+00:00,not checked: reddit blocked unauthenticated requests in pass 1; not retried
joyd_plumbing,curated_senior,unverified,,2026-10-06T00:32:36+00:00,not checked: reddit blocked unauthenticated requests in pass 1; not retried
joy_risers,curated_senior,unverified,,2026-10-06T00:32:36+00:00,not checked: reddit blocked unauthenticated requests in pass 1; not retried
ms_almonte,curated_senior,unverified,,2026-10-06T00:32:36+00:00,not checked: reddit blocked unauthenticated requests in pass 1; not retried
rosa_teaches,curated_senior,unverified,,2026-10-06T00:32:36+00:00,not checked: reddit blocked unauthenticated requests in pass 1; not retried
wchen_controls,curated_senior,unverified,,2026-10-06T00:32:36+00:00,not checked: reddit blocked unauthenticated requests in pass 1; not retried
wei_bms,curated_senior,unverified,,2026-10-06T00:32:36+00:00,not checked: reddit blocked unauthenticated requests in pass 1; not retried
haddad_mech,curated_senior,unverified,,2026-10-06T00:32:36+00:00,not checked: reddit blocked unauthenticated requests in pass 1; not retried
sami_mech,curated_senior,unverified,,2026-10-06T00:32:36+00:00,not checked: reddit blocked unauthenticated requests in pass 1; not retried
rui_t_kearny,curated_senior,unverified,,2026-10-06T00:32:36+00:00,not checked: reddit blocked unauthenticated requests in pass 1; not retried
rui_plumbing,curated_senior,unverified,,2026-10-06T00:32:36+00:00,not checked: reddit blocked unauthenticated requests in pass 1; not retried
tnguyen_refrig,curated_senior,unverified,,2026-10-06T00:32:36+00:00,not checked: reddit blocked unauthenticated requests in pass 1; not retried
tuan_walkins,curated_senior,unverified,,2026-10-06T00:32:36+00:00,not checked: reddit blocked unauthenticated requests in pass 1; not retried
dreb_jman,curated_senior,unverified,,2026-10-06T00:32:36+00:00,not checked: reddit blocked unauthenticated requests in pass 1; not retried
andre_local3,curated_senior,unverified,,2026-10-06T00:32:36+00:00,not checked: reddit blocked unauthenticated requests in pass 1; not retried
bklyn_arkady,curated_senior,unverified,,2026-10-06T00:32:36+00:00,not checked: reddit blocked unauthenticated requests in pass 1; not retried
arkady_gas,curated_senior,unverified,,2026-10-06T00:32:36+00:00,not checked: reddit blocked unauthenticated requests in pass 1; not retried
CopperFromSomerset,trade_place,unverified,,2026-10-05T13:40:29+00:00,not checked: reddit returned 403 to every request (persistent block); not worked around
Glouco.sparks,trade_place,unverified,,2026-10-05T13:40:29+00:00,not checked: reddit returned 403 to every request (persistent block); not worked around
NewarkSparks,trade_place,unverified,,2026-10-05T13:40:29+00:00,not checked: reddit returned 403 to every request (persistent block); not worked around
SomersetCopper,trade_place,unverified,,2026-10-05T13:40:29+00:00,not checked: reddit returned 403 to every request (persistent block); not worked around
Elizabeth.traps,trade_place,unverified,,2026-10-05T13:40:29+00:00,not checked: reddit returned 403 to every request (persistent block); not worked around
trenton_airside,trade_place,unverified,,2026-10-05T13:40:29+00:00,not checked: reddit returned 403 to every request (persistent block); not worked around
WiremanFromPiscataway,trade_place,unverified,,2026-10-05T13:40:29+00:00,not checked: reddit returned 403 to every request (persistent block); not worked around
Trenton_Plumb,trade_place,unverified,,2026-10-05T13:40:29+00:00,not checked: reddit returned 403 to every request (persistent block); not worked around
essex_plumber,trade_place,unverified,,2026-10-05T13:40:29+00:00,not checked: reddit returned 403 to every request (persistent block); not worked around
Edison.volts,trade_place,unverified,,2026-10-05T13:40:29+00:00,not checked: reddit returned 403 to every request (persistent block); not worked around
CamdenAirside,trade_place,unverified,,2026-10-05T13:40:29+00:00,not checked: reddit returned 403 to every request (persistent block); not worked around
BergenPlumber,trade_place,unverified,,2026-10-05T13:40:29+00:00,not checked: reddit returned 403 to every request (persistent block); not worked around
lakewood_amps,trade_place,unverified,,2026-10-05T13:40:29+00:00,not checked: reddit returned 403 to every request (persistent block); not worked around
Atlantic_Pipefitter,trade_place,unverified,,2026-10-05T13:40:29+00:00,not checked: reddit returned 403 to every request (persistent block); not worked around
MonmouthPlumber,trade_place,unverified,,2026-10-05T13:40:29+00:00,not checked: reddit returned 403 to every request (persistent block); not worked around
CherryHillHVAC,trade_place,unverified,,2026-10-05T13:40:29+00:00,not checked: reddit returned 403 to every request (persistent block); not worked around
EssexPipes,trade_place,unverified,,2026-10-05T13:40:29+00:00,not checked: reddit returned 403 to every request (persistent block); not worked around
deptford_pipes,trade_place,unverified,,2026-10-05T13:40:29+00:00,not checked: reddit returned 403 to every request (persistent block); not worked around
Raritan.airside,trade_place,unverified,,2026-10-05T13:40:29+00:00,not checked: reddit returned 403 to every request (persistent block); not worked around
QueensWireman,trade_place,unverified,,2026-10-05T13:40:29+00:00,not checked: reddit returned 403 to every request (persistent block); not worked around
Woodbridge.ducts,trade_place,unverified,,2026-10-05T13:40:29+00:00,not checked: reddit returned 403 to every request (persistent block); not worked around
Astoria_Plumb,trade_place,unverified,,2026-10-05T13:40:29+00:00,not checked: reddit returned 403 to every request (persistent block); not worked around
Passaic_Sparky,trade_place,unverified,,2026-10-05T13:40:29+00:00,not checked: reddit returned 403 to every request (persistent block); not worked around
Bergen_Ducts,trade_place,unverified,,2026-10-05T13:40:29+00:00,not checked: reddit returned 403 to every request (persistent block); not worked around
hudson_conduit,trade_place,unverified,,2026-10-05T13:40:29+00:00,not checked: reddit returned 403 to every request (persistent block); not worked around
middlesex_coils,trade_place,unverified,,2026-10-05T13:40:29+00:00,not checked: reddit returned 403 to every request (persistent block); not worked around
EdisonPlumb,trade_place,unverified,,2026-10-05T13:40:29+00:00,not checked: reddit returned 403 to every request (persistent block); not worked around
BrickAirside,trade_place,unverified,,2026-10-05T13:40:29+00:00,not checked: reddit returned 403 to every request (persistent block); not worked around
BayRidge.traps,trade_place,unverified,,2026-10-05T13:40:29+00:00,not checked: reddit returned 403 to every request (persistent block); not worked around
LakewoodRefrig,trade_place,unverified,,2026-10-05T13:40:29+00:00,not checked: reddit returned 403 to every request (persistent block); not worked around
SouthJerseyHVAC,trade_place,unverified,,2026-10-05T13:40:29+00:00,not checked: reddit returned 403 to every request (persistent block); not worked around
NorthJersey_Plumber,trade_place,unverified,,2026-10-05T13:40:29+00:00,not checked: reddit returned 403 to every request (persistent block); not worked around
brick_plumb,trade_place,unverified,,2026-10-05T13:40:29+00:00,not checked: reddit returned 403 to every request (persistent block); not worked around
BreakerFromCherryHill,trade_place,unverified,,2026-10-05T13:40:29+00:00,not checked: reddit returned 403 to every request (persistent block); not worked around
BayRidgeCooling,trade_place,unverified,,2026-10-05T13:40:29+00:00,not checked: reddit returned 403 to every request (persistent block); not worked around
CentralJersey_Coils,trade_place,unverified,,2026-10-05T13:40:29+00:00,not checked: reddit returned 403 to every request (persistent block); not worked around
Flushing.sparks,trade_place,unverified,,2026-10-05T13:40:29+00:00,not checked: reddit returned 403 to every request (persistent block); not worked around
PlumberFromRahway,trade_place,unverified,,2026-10-05T13:40:29+00:00,not checked: reddit returned 403 to every request (persistent block); not worked around
Mercer_Drains,trade_place,unverified,,2026-10-05T13:40:29+00:00,not checked: reddit returned 403 to every request (persistent block); not worked around
Ocean_Wires,trade_place,unverified,,2026-10-05T13:40:29+00:00,not checked: reddit returned 403 to every request (persistent block); not worked around
CentralJerseyHeat,trade_place,unverified,,2026-10-05T13:40:29+00:00,not checked: reddit returned 403 to every request (persistent block); not worked around
Kearny_Pipefitter,trade_place,unverified,,2026-10-05T13:40:29+00:00,not checked: reddit returned 403 to every request (persistent block); not worked around
PlumbFromMorris,trade_place,unverified,,2026-10-05T13:40:29+00:00,not checked: reddit returned 403 to every request (persistent block); not worked around
Pennsauken_Traps,trade_place,unverified,,2026-10-05T13:40:29+00:00,not checked: reddit returned 403 to every request (persistent block); not worked around
Bergen.coils,trade_place,unverified,,2026-10-05T13:40:29+00:00,not checked: reddit returned 403 to every request (persistent block); not worked around
SparkyFromOcean,trade_place,unverified,,2026-10-05T13:40:29+00:00,not checked: reddit returned 403 to every request (persistent block); not worked around
groundrod_3way,trade_number,unverified,,2026-10-05T13:40:29+00:00,not checked: reddit returned 403 to every request (persistent block); not worked around
sweatjoint200amp,trade_number,unverified,,2026-10-05T13:40:29+00:00,not checked: reddit returned 403 to every request (persistent block); not worked around
drainsnake_200amp,trade_number,unverified,,2026-10-05T13:40:29+00:00,not checked: reddit returned 403 to every request (persistent block); not worked around
epa60812_2,trade_number,unverified,,2026-10-05T13:40:29+00:00,not checked: reddit returned 403 to every request (persistent block); not worked around
micron200amp,trade_number,unverified,,2026-10-05T13:40:29+00:00,not checked: reddit returned 403 to every request (persistent block); not worked around
blowerwheel_91,trade_number,unverified,,2026-10-05T13:40:29+00:00,not checked: reddit returned 403 to every request (persistent block); not worked around
neutral_bar_99,trade_number,unverified,,2026-10-05T13:40:29+00:00,not checked: reddit returned 403 to every request (persistent block); not worked around
flarenut3way,trade_number,unverified,,2026-10-05T13:40:29+00:00,not checked: reddit returned 403 to every request (persistent block); not worked around
threeway_02,trade_number,unverified,,2026-10-05T13:40:29+00:00,not checked: reddit returned 403 to every request (persistent block); not worked around
ptrap_200amp,trade_number,unverified,,2026-10-05T13:40:29+00:00,not checked: reddit returned 403 to every request (persistent block); not worked around
epa608_672,trade_number,unverified,,2026-10-05T13:40:29+00:00,not checked: reddit returned 403 to every request (persistent block); not worked around
panelchanger_200amp,trade_number,unverified,,2026-10-05T13:40:29+00:00,not checked: reddit returned 403 to every request (persistent block); not worked around
nitrogenpurge12_2,trade_number,unverified,,2026-10-05T13:40:29+00:00,not checked: reddit returned 403 to every request (persistent block); not worked around
twelvegauge_200amp,trade_number,unverified,,2026-10-05T13:40:29+00:00,not checked: reddit returned 403 to every request (persistent block); not worked around
pex_and_flux12_2,trade_number,unverified,,2026-10-05T13:40:29+00:00,not checked: reddit returned 403 to every request (persistent block); not worked around
ptrap_05,trade_number,unverified,,2026-10-05T13:40:29+00:00,not checked: reddit returned 403 to every request (persistent block); not worked around
blowerwheel_235,trade_number,unverified,,2026-10-05T13:40:29+00:00,not checked: reddit returned 403 to every request (persistent block); not worked around
emt_bender_200amp,trade_number,unverified,,2026-10-05T13:40:29+00:00,not checked: reddit returned 403 to every request (persistent block); not worked around
groundrod_05,trade_number,unverified,,2026-10-05T13:40:29+00:00,not checked: reddit returned 403 to every request (persistent block); not worked around
leadfree98,trade_number,unverified,,2026-10-05T13:40:29+00:00,not checked: reddit returned 403 to every request (persistent block); not worked around
threeway883,trade_number,unverified,,2026-10-05T13:40:29+00:00,not checked: reddit returned 403 to every request (persistent block); not worked around
threeway_91,trade_number,unverified,,2026-10-05T13:40:29+00:00,not checked: reddit returned 403 to every request (persistent block); not worked around
twelvegauge293,trade_number,unverified,,2026-10-05T13:40:29+00:00,not checked: reddit returned 403 to every request (persistent block); not worked around
shutoff200amp,trade_number,unverified,,2026-10-05T13:40:29+00:00,not checked: reddit returned 403 to every request (persistent block); not worked around
condensate_3way,trade_number,unverified,,2026-10-05T13:40:29+00:00,not checked: reddit returned 403 to every request (persistent block); not worked around
sweatjoint3way,trade_number,unverified,,2026-10-05T13:40:29+00:00,not checked: reddit returned 403 to every request (persistent block); not worked around
pex_and_flux200amp,trade_number,unverified,,2026-10-05T13:40:29+00:00,not checked: reddit returned 403 to every request (persistent block); not worked around
epa608_3way,trade_number,unverified,,2026-10-05T13:40:29+00:00,not checked: reddit returned 403 to every request (persistent block); not worked around
breakerbox_884,trade_number,unverified,,2026-10-05T13:40:29+00:00,not checked: reddit returned 403 to every request (persistent block); not worked around
panelchanger_786,trade_number,unverified,,2026-10-05T13:40:29+00:00,not checked: reddit returned 403 to every request (persistent block); not worked around
WaxRingWarrior,humor,unverified,,2026-10-05T13:40:29+00:00,not checked: reddit returned 403 to every request (persistent block); not worked around
OpenNeutralBlues,humor,unverified,,2026-10-05T13:40:29+00:00,not checked: reddit returned 403 to every request (persistent block); not worked around
HardHatHairDay,humor,unverified,,2026-10-05T13:40:29+00:00,not checked: reddit returned 403 to every request (persistent block); not worked around
DripLoopDays,humor,unverified,,2026-10-05T13:40:29+00:00,not checked: reddit returned 403 to every request (persistent block); not worked around
HeatwaveOnCall,humor,unverified,,2026-10-05T13:40:29+00:00,not checked: reddit returned 403 to every request (persistent block); not worked around
AtticNapper,humor,unverified,,2026-10-05T13:40:29+00:00,not checked: reddit returned 403 to every request (persistent block); not worked around
PullingWireAgain,humor,unverified,,2026-10-05T13:40:29+00:00,not checked: reddit returned 403 to every request (persistent block); not worked around
ThermosOfCoffee,humor,unverified,,2026-10-05T13:40:29+00:00,not checked: reddit returned 403 to every request (persistent block); not worked around
DrywallDustLungs,humor,unverified,,2026-10-05T13:40:29+00:00,not checked: reddit returned 403 to every request (persistent block); not worked around
BlowerMotorBlues,humor,unverified,,2026-10-05T13:40:29+00:00,not checked: reddit returned 403 to every request (persistent block); not worked around
RunningLateAgain,humor,unverified,,2026-10-05T13:40:29+00:00,not checked: reddit returned 403 to every request (persistent block); not worked around
ColdCoffeeCrew,humor,unverified,,2026-10-05T13:40:29+00:00,not checked: reddit returned 403 to every request (persistent block); not worked around
BentConduitClub,humor,unverified,,2026-10-05T13:40:29+00:00,not checked: reddit returned 403 to every request (persistent block); not worked around
JunctionBoxJunkie,humor,unverified,,2026-10-05T13:40:29+00:00,not checked: reddit returned 403 to every request (persistent block); not worked around
ThreeWayConfusion,humor,unverified,,2026-10-05T13:40:29+00:00,not checked: reddit returned 403 to every request (persistent block); not worked around
LadderLegs,humor,unverified,,2026-10-05T13:40:29+00:00,not checked: reddit returned 403 to every request (persistent block); not worked around
BackflowBlues,humor,unverified,,2026-10-05T13:40:29+00:00,not checked: reddit returned 403 to every request (persistent block); not worked around
FrozenCoilClub,humor,unverified,,2026-10-05T13:40:29+00:00,not checked: reddit returned 403 to every request (persistent block); not worked around
SixAMSupplyRun,humor,unverified,,2026-10-05T13:40:29+00:00,not checked: reddit returned 403 to every request (persistent block); not worked around
CondensateOverflow,humor,unverified,,2026-10-05T13:40:29+00:00,not checked: reddit returned 403 to every request (persistent block); not worked around
TorchAndFlux,humor,unverified,,2026-10-05T13:40:29+00:00,not checked: reddit returned 403 to every request (persistent block); not worked around
RainDayRestock,humor,unverified,,2026-10-05T13:40:29+00:00,not checked: reddit returned 403 to every request (persistent block); not worked around
SumpPumpSeason,humor,unverified,,2026-10-05T13:40:29+00:00,not checked: reddit returned 403 to every request (persistent block); not worked around
FilterChangeFriday,humor,unverified,,2026-10-05T13:40:29+00:00,not checked: reddit returned 403 to every request (persistent block); not worked around
LiveFrontLessons,humor,unverified,,2026-10-05T13:40:29+00:00,not checked: reddit returned 403 to every request (persistent block); not worked around
MudOnMyBoots,humor,unverified,,2026-10-05T13:40:29+00:00,not checked: reddit returned 403 to every request (persistent block); not worked around
SnakeTheMain,humor,unverified,,2026-10-05T13:40:29+00:00,not checked: reddit returned 403 to every request (persistent block); not worked around
LunchInTheVan,humor,unverified,,2026-10-05T13:40:29+00:00,not checked: reddit returned 403 to every request (persistent block); not worked around
FluxOnMyBoots,humor,unverified,,2026-10-05T13:40:29+00:00,not checked: reddit returned 403 to every request (persistent block); not worked around
TwistAndTape,humor,unverified,,2026-10-05T13:40:29+00:00,not checked: reddit returned 403 to every request (persistent block); not worked around
joe.plumb,name,unverified,,2026-10-05T13:40:29+00:00,not checked: reddit returned 403 to every request (persistent block); not worked around
big_paulie_plumb,name,unverified,,2026-10-05T13:40:29+00:00,not checked: reddit returned 403 to every request (persistent block); not worked around
kayla.tools,name,unverified,,2026-10-05T13:40:29+00:00,not checked: reddit returned 403 to every request (persistent block); not worked around
big_vinny_nj,name,unverified,,2026-10-05T13:40:29+00:00,not checked: reddit returned 403 to every request (persistent block); not worked around
Sal_U,name,unverified,,2026-10-05T13:40:29+00:00,not checked: reddit returned 403 to every request (persistent block); not worked around
codyplumb83,name,unverified,,2026-10-05T13:40:29+00:00,not checked: reddit returned 403 to every request (persistent block); not worked around
hector.hvac,name,unverified,,2026-10-05T13:40:29+00:00,not checked: reddit returned 403 to every request (persistent block); not worked around
Dev.R,name,unverified,,2026-10-05T13:40:29+00:00,not checked: reddit returned 403 to every request (persistent block); not worked around
briplumb87,name,unverified,,2026-10-05T13:40:29+00:00,not checked: reddit returned 403 to every request (persistent block); not worked around
Danny_G,name,unverified,,2026-10-05T13:40:29+00:00,not checked: reddit returned 403 to every request (persistent block); not worked around
benplumb79,name,unverified,,2026-10-05T13:40:29+00:00,not checked: reddit returned 403 to every request (persistent block); not worked around
matt_the_hvac,name,unverified,,2026-10-05T13:40:29+00:00,not checked: reddit returned 403 to every request (persistent block); not worked around
peteplumb80,name,unverified,,2026-10-05T13:40:29+00:00,not checked: reddit returned 403 to every request (persistent block); not worked around
deshawn.hvac,name,unverified,,2026-10-05T13:40:29+00:00,not checked: reddit returned 403 to every request (persistent block); not worked around
big_nicole_plumb,name,unverified,,2026-10-05T13:40:29+00:00,not checked: reddit returned 403 to every request (persistent block); not worked around
domtools86,name,unverified,,2026-10-05T13:40:29+00:00,not checked: reddit returned 403 to every request (persistent block); not worked around
Zach.X,name,unverified,,2026-10-05T13:40:29+00:00,not checked: reddit returned 403 to every request (persistent block); not worked around
hugotools97,name,unverified,,2026-10-05T13:40:29+00:00,not checked: reddit returned 403 to every request (persistent block); not worked around
Ryan.N,name,unverified,,2026-10-05T13:40:29+00:00,not checked: reddit returned 403 to every request (persistent block); not worked around
big_ben_tools,name,unverified,,2026-10-05T13:40:29+00:00,not checked: reddit returned 403 to every request (persistent block); not worked around
big_manny_plumb,name,unverified,,2026-10-05T13:40:29+00:00,not checked: reddit returned 403 to every request (persistent block); not worked around
kofihvac87,name,unverified,,2026-10-05T13:40:29+00:00,not checked: reddit returned 403 to every request (persistent block); not worked around
big_zach_hvac,name,unverified,,2026-10-05T13:40:29+00:00,not checked: reddit returned 403 to every request (persistent block); not worked around
RyanO89,name,unverified,,2026-10-05T13:40:29+00:00,not checked: reddit returned 403 to every request (persistent block); not worked around
Mateo.G,name,unverified,,2026-10-05T13:40:29+00:00,not checked: reddit returned 403 to every request (persistent block); not worked around
Tyler.L,name,unverified,,2026-10-05T13:40:29+00:00,not checked: reddit returned 403 to every request (persistent block); not worked around
priya.nj,name,unverified,,2026-10-05T13:40:29+00:00,not checked: reddit returned 403 to every request (persistent block); not worked around
chris.plumb,name,unverified,,2026-10-05T13:40:29+00:00,not checked: reddit returned 403 to every request (persistent block); not worked around
gabe.tools,name,unverified,,2026-10-05T13:40:29+00:00,not checked: reddit returned 403 to every request (persistent block); not worked around
Kofi_H,name,unverified,,2026-10-05T13:40:29+00:00,not checked: reddit returned 403 to every request (persistent block); not worked around
emeka.plumb,name,unverified,,2026-10-05T13:40:29+00:00,not checked: reddit returned 403 to every request (persistent block); not worked around
big_cody_nj,name,unverified,,2026-10-05T13:40:29+00:00,not checked: reddit returned 403 to every request (persistent block); not worked around
big_hector_plumb,name,unverified,,2026-10-05T13:40:29+00:00,not checked: reddit returned 403 to every request (persistent block); not worked around
Dev_H,name,unverified,,2026-10-05T13:40:29+00:00,not checked: reddit returned 403 to every request (persistent block); not worked around
FirstYearSparky,role_status,unverified,,2026-10-05T13:40:29+00:00,not checked: reddit returned 403 to every request (persistent block); not worked around
SecondYrPipes,role_status,unverified,,2026-10-05T13:40:29+00:00,not checked: reddit returned 403 to every request (persistent block); not worked around
ThirdYearTinknocker,role_status,unverified,,2026-10-05T13:40:29+00:00,not checked: reddit returned 403 to every request (persistent block); not worked around
Apprentice_Yr2,role_status,unverified,,2026-10-05T13:40:29+00:00,not checked: reddit returned 403 to every request (persistent block); not worked around
PreApp_Jersey,role_status,unverified,,2026-10-05T13:40:29+00:00,not checked: reddit returned 403 to every request (persistent block); not worked around
NewGuyOnTheVan,role_status,unverified,,2026-10-05T13:40:29+00:00,not checked: reddit returned 403 to every request (persistent block); not worked around
HelperForNow,role_status,unverified,,2026-10-05T13:40:29+00:00,not checked: reddit returned 403 to every request (persistent block); not worked around
OfficeToTools,role_status,unverified,,2026-10-05T13:40:29+00:00,not checked: reddit returned 403 to every request (persistent block); not worked around
LateStartPlumber,role_status,unverified,,2026-10-05T13:40:29+00:00,not checked: reddit returned 403 to every request (persistent block); not worked around
WasABarista,role_status,unverified,,2026-10-05T13:40:29+00:00,not checked: reddit returned 403 to every request (persistent block); not worked around
ExRetail_NowHVAC,role_status,unverified,,2026-10-05T13:40:29+00:00,not checked: reddit returned 403 to every request (persistent block); not worked around
JourneymanSomeday,role_status,unverified,,2026-10-05T13:40:29+00:00,not checked: reddit returned 403 to every request (persistent block); not worked around
StillTheHelper,role_status,unverified,,2026-10-05T13:40:29+00:00,not checked: reddit returned 403 to every request (persistent block); not worked around
GreenhornHVAC,role_status,unverified,,2026-10-05T13:40:29+00:00,not checked: reddit returned 403 to every request (persistent block); not worked around
RookieWireman,role_status,unverified,,2026-10-05T13:40:29+00:00,not checked: reddit returned 403 to every request (persistent block); not worked around
DeskJobEscapee,role_status,unverified,,2026-10-05T13:40:29+00:00,not checked: reddit returned 403 to every request (persistent block); not worked around
ForkliftToFittings,role_status,unverified,,2026-10-05T13:40:29+00:00,not checked: reddit returned 403 to every request (persistent block); not worked around
NightClassSparky,role_status,unverified,,2026-10-05T13:40:29+00:00,not checked: reddit returned 403 to every request (persistent block); not worked around
ApprenticeInJersey,role_status,unverified,,2026-10-05T13:40:29+00:00,not checked: reddit returned 403 to every request (persistent block); not worked around
TopOutSoon,role_status,unverified,,2026-10-05T13:40:29+00:00,not checked: reddit returned 403 to every request (persistent block); not worked around
FifthYearAlmost,role_status,unverified,,2026-10-05T13:40:29+00:00,not checked: reddit returned 403 to every request (persistent block); not worked around
UndecidedTradesKid,role_status,unverified,,2026-10-05T13:40:29+00:00,not checked: reddit returned 403 to every request (persistent block); not worked around
WhichTradeTho,role_status,unverified,,2026-10-05T13:40:29+00:00,not checked: reddit returned 403 to every request (persistent block); not worked around
TryingAllThree,role_status,unverified,,2026-10-05T13:40:29+00:00,not checked: reddit returned 403 to every request (persistent block); not worked around
Switched_at40,role_status,unverified,,2026-10-05T13:40:29+00:00,not checked: reddit returned 403 to every request (persistent block); not worked around
StartedAt30,role_status,unverified,,2026-10-05T13:40:29+00:00,not checked: reddit returned 403 to every request (persistent block); not worked around
CareerSwitch32,role_status,unverified,,2026-10-05T13:40:29+00:00,not checked: reddit returned 403 to every request (persistent block); not worked around
StartedAt29,role_status,unverified,,2026-10-05T13:40:29+00:00,not checked: reddit returned 403 to every request (persistent block); not worked around
TechSchool25,role_status,unverified,,2026-10-05T13:40:29+00:00,not checked: reddit returned 403 to every request (persistent block); not worked around
TechSchool26,role_status,rejected_neardup,,2026-10-06T00:32:36+00:00,Levenshtein<=1 to TechSchool25
VoTech_Class27,role_status,unverified,,2026-10-05T13:40:29+00:00,not checked: reddit returned 403 to every request (persistent block); not worked around
ParkwayPipes,nj_flavor,unverified,,2026-10-05T13:40:29+00:00,not checked: reddit returned 403 to every request (persistent block); not worked around
Exit117Plumber,nj_flavor,unverified,,2026-10-05T13:40:29+00:00,not checked: reddit returned 403 to every request (persistent block); not worked around
JughandleJourneyman,nj_flavor,unverified,,2026-10-05T13:40:29+00:00,not checked: reddit returned 403 to every request (persistent block); not worked around
WawaRunWired,nj_flavor,unverified,,2026-10-05T13:40:29+00:00,not checked: reddit returned 403 to every request (persistent block); not worked around
QuickChekCrew,nj_flavor,unverified,,2026-10-05T13:40:29+00:00,not checked: reddit returned 403 to every request (persistent block); not worked around
DinerCoffeeHVAC,nj_flavor,unverified,,2026-10-05T13:40:29+00:00,not checked: reddit returned 403 to every request (persistent block); not worked around
DownTheShoreHVAC,nj_flavor,unverified,,2026-10-05T13:40:29+00:00,not checked: reddit returned 403 to every request (persistent block); not worked around
Route1Wireman,nj_flavor,unverified,,2026-10-05T13:40:29+00:00,not checked: reddit returned 403 to every request (persistent block); not worked around
Rt18Plumber,nj_flavor,unverified,,2026-10-05T13:40:29+00:00,not checked: reddit returned 403 to every request (persistent block); not worked around
Exit13Sparks,nj_flavor,unverified,,2026-10-05T13:40:29+00:00,not checked: reddit returned 403 to every request (persistent block); not worked around
NorthJerseyCopper,nj_flavor,unverified,,2026-10-05T13:40:29+00:00,not checked: reddit returned 403 to every request (persistent block); not worked around
SouthJerseySweats,nj_flavor,unverified,,2026-10-05T13:40:29+00:00,not checked: reddit returned 403 to every request (persistent block); not worked around
PineBarrensPipes,nj_flavor,unverified,,2026-10-05T13:40:29+00:00,not checked: reddit returned 403 to every request (persistent block); not worked around
JerseyDuctwork,nj_flavor,unverified,,2026-10-05T13:40:29+00:00,not checked: reddit returned 403 to every request (persistent block); not worked around
PorkRollPlumber,nj_flavor,unverified,,2026-10-05T13:40:29+00:00,not checked: reddit returned 403 to every request (persistent block); not worked around
TaylorHamHVAC,nj_flavor,unverified,,2026-10-05T13:40:29+00:00,not checked: reddit returned 403 to every request (persistent block); not worked around
GSP_Exit82,nj_flavor,unverified,,2026-10-05T13:40:29+00:00,not checked: reddit returned 403 to every request (persistent block); not worked around
Exit9Sparky,nj_flavor,unverified,,2026-10-05T13:40:29+00:00,not checked: reddit returned 403 to every request (persistent block); not worked around
Turnpike_Tech,nj_flavor,unverified,,2026-10-05T13:40:29+00:00,not checked: reddit returned 403 to every request (persistent block); not worked around
JerseyTomatoWires,nj_flavor,unverified,,2026-10-05T13:40:29+00:00,not checked: reddit returned 403 to every request (persistent block); not worked around
BennySeasonHVAC,nj_flavor,unverified,,2026-10-05T13:40:29+00:00,not checked: reddit returned 403 to every request (persistent block); not worked around
LodiDMVSurvivor,nj_flavor,unverified,,2026-10-05T13:40:29+00:00,not checked: reddit returned 403 to every request (persistent block); not worked around
WawaHoagieFuel,nj_flavor,unverified,,2026-10-05T13:40:29+00:00,not checked: reddit returned 403 to every request (persistent block); not worked around
Exit145Electric,nj_flavor,unverified,,2026-10-05T13:40:29+00:00,not checked: reddit returned 403 to every request (persistent block); not worked around
plumbguy917,lazy_old,unverified,,2026-10-05T13:40:29+00:00,not checked: reddit returned 403 to every request (persistent block); not worked around
rosa_609,lazy_old,unverified,,2026-10-05T13:40:29+00:00,not checked: reddit returned 403 to every request (persistent block); not worked around
jose6079,lazy_old,unverified,,2026-10-05T13:40:29+00:00,not checked: reddit returned 403 to every request (persistent block); not worked around
mselecnj,lazy_old,unverified,,2026-10-05T13:40:29+00:00,not checked: reddit returned 403 to every request (persistent block); not worked around
plumbnj77,lazy_old,unverified,,2026-10-05T13:40:29+00:00,not checked: reddit returned 403 to every request (persistent block); not worked around
mgelecnj,lazy_old,rejected_neardup,,2026-10-06T00:32:36+00:00,Levenshtein<=1 to mselecnj
carlosu88,lazy_old,unverified,,2026-10-05T13:40:29+00:00,not checked: reddit returned 403 to every request (persistent block); not worked around
hector_347,lazy_old,unverified,,2026-10-05T13:40:29+00:00,not checked: reddit returned 403 to every request (persistent block); not worked around
jess2093,lazy_old,unverified,,2026-10-05T13:40:29+00:00,not checked: reddit returned 403 to every request (persistent block); not worked around
auelecny,lazy_old,unverified,,2026-10-05T13:40:29+00:00,not checked: reddit returned 403 to every request (persistent block); not worked around
fmelecnj,lazy_old,unverified,,2026-10-05T13:40:29+00:00,not checked: reddit returned 403 to every request (persistent block); not worked around
walt_908,lazy_old,unverified,,2026-10-05T13:40:29+00:00,not checked: reddit returned 403 to every request (persistent block); not worked around
ginaj75,lazy_old,unverified,,2026-10-05T13:40:29+00:00,not checked: reddit returned 403 to every request (persistent block); not worked around
shawn_551,lazy_old,unverified,,2026-10-05T13:40:29+00:00,not checked: reddit returned 403 to every request (persistent block); not worked around
shawnf87,lazy_old,unverified,,2026-10-05T13:40:29+00:00,not checked: reddit returned 403 to every request (persistent block); not worked around
sam2214,lazy_old,unverified,,2026-10-05T13:40:29+00:00,not checked: reddit returned 403 to every request (persistent block); not worked around
dahvacnj,lazy_old,unverified,,2026-10-05T13:40:29+00:00,not checked: reddit returned 403 to every request (persistent block); not worked around
kimo98,lazy_old,unverified,,2026-10-05T13:40:29+00:00,not checked: reddit returned 403 to every request (persistent block); not worked around
nicole_917,lazy_old,unverified,,2026-10-05T13:40:29+00:00,not checked: reddit returned 403 to every request (persistent block); not worked around
plumbnj88,lazy_old,unverified,,2026-10-05T13:40:29+00:00,not checked: reddit returned 403 to every request (persistent block); not worked around
carlos_908,lazy_old,unverified,,2026-10-05T13:40:29+00:00,not checked: reddit returned 403 to every request (persistent block); not worked around
nate_640,lazy_old,unverified,,2026-10-05T13:40:29+00:00,not checked: reddit returned 403 to every request (persistent block); not worked around
elecny85,lazy_old,unverified,,2026-10-05T13:40:29+00:00,not checked: reddit returned 403 to every request (persistent block); not worked around
zghvacnj,lazy_old,unverified,,2026-10-05T13:40:29+00:00,not checked: reddit returned 403 to every request (persistent block); not worked around
arjunn83,lazy_old,unverified,,2026-10-05T13:40:29+00:00,not checked: reddit returned 403 to every request (persistent block); not worked around
rgelecnj,lazy_old,unverified,,2026-10-05T13:40:29+00:00,not checked: reddit returned 403 to every request (persistent block); not worked around
peteq75,lazy_old,unverified,,2026-10-05T13:40:29+00:00,not checked: reddit returned 403 to every request (persistent block); not worked around
nico4959,lazy_old,unverified,,2026-10-05T13:40:29+00:00,not checked: reddit returned 403 to every request (persistent block); not worked around
BergenBoilerMan,curated_senior,unverified,403,2026-10-05T13:40:20+00:00,retired (no longer a candidate); was: reddit 403
CopperAndCastIron,curated_senior,unverified,403,2026-10-05T13:40:22+00:00,retired (no longer a candidate); was: reddit 403
ForemanFromMorris,curated_senior,unverified,403,2026-10-05T13:40:24+00:00,retired (no longer a candidate); was: reddit 403
DataHallSparky,curated_senior,unverified,403,2026-10-05T13:40:26+00:00,retired (no longer a candidate); was: reddit 403
SaltAirSparky,curated_senior,unverified,403,2026-10-05T13:40:29+00:00,retired (no longer a candidate); was: reddit 403
DownTheShoreSparks,curated_senior,unverified,,2026-10-05T13:40:29+00:00,retired (no longer a candidate); was: not checked: reddit returned 403 to every request (persistent block); not worked around
MiddlesexHeatPumps,curated_senior,unverified,,2026-10-05T13:40:29+00:00,retired (no longer a candidate); was: not checked: reddit returned 403 to every request (persistent block); not worked around
OilToGasGuy,curated_senior,unverified,,2026-10-05T13:40:29+00:00,retired (no longer a candidate); was: not checked: reddit returned 403 to every request (persistent block); not worked around
Rt1Steamfitter,curated_senior,unverified,,2026-10-05T13:40:29+00:00,retired (no longer a candidate); was: not checked: reddit returned 403 to every request (persistent block); not worked around
PharmaPipefitter,curated_senior,unverified,,2026-10-05T13:40:29+00:00,retired (no longer a candidate); was: not checked: reddit returned 403 to every request (persistent block); not worked around
CasinoChillerTech,curated_senior,unverified,,2026-10-05T13:40:29+00:00,retired (no longer a candidate); was: not checked: reddit returned 403 to every request (persistent block); not worked around
SoJersey_HVAC_Lead,curated_senior,unverified,,2026-10-05T13:40:29+00:00,retired (no longer a candidate); was: not checked: reddit returned 403 to every request (persistent block); not worked around
GreenTagOrBust,curated_senior,unverified,,2026-10-05T13:40:29+00:00,retired (no longer a candidate); was: not checked: reddit returned 403 to every request (persistent block); not worked around
PassedRoughIn,curated_senior,unverified,,2026-10-05T13:40:29+00:00,retired (no longer a candidate); was: not checked: reddit returned 403 to every request (persistent block); not worked around
RiserRoomRegular,curated_senior,unverified,,2026-10-05T13:40:29+00:00,retired (no longer a candidate); was: not checked: reddit returned 403 to every request (persistent block); not worked around
MultifamilyMaster,curated_senior,unverified,,2026-10-05T13:40:29+00:00,retired (no longer a candidate); was: not checked: reddit returned 403 to every request (persistent block); not worked around
DayOneMistakes,curated_senior,unverified,,2026-10-05T13:40:29+00:00,retired (no longer a candidate); was: not checked: reddit returned 403 to every request (persistent block); not worked around
ShopTeacherTech,curated_senior,unverified,,2026-10-05T13:40:29+00:00,retired (no longer a candidate); was: not checked: reddit returned 403 to every request (persistent block); not worked around
LowVoltLifer,curated_senior,unverified,,2026-10-05T13:40:29+00:00,retired (no longer a candidate); was: not checked: reddit returned 403 to every request (persistent block); not worked around
BMS_and_FireAlarm,curated_senior,unverified,,2026-10-05T13:40:29+00:00,retired (no longer a candidate); was: not checked: reddit returned 403 to every request (persistent block); not worked around
PrevailingWageMech,curated_senior,unverified,,2026-10-05T13:40:29+00:00,retired (no longer a candidate); was: not checked: reddit returned 403 to every request (persistent block); not worked around
KeepableApprentice,curated_senior,unverified,,2026-10-05T13:40:29+00:00,retired (no longer a candidate); was: not checked: reddit returned 403 to every request (persistent block); not worked around
SecondGenPlumber,curated_senior,unverified,,2026-10-05T13:40:29+00:00,retired (no longer a candidate); was: not checked: reddit returned 403 to every request (persistent block); not worked around
PopsOldTruck,curated_senior,unverified,,2026-10-05T13:40:29+00:00,retired (no longer a candidate); was: not checked: reddit returned 403 to every request (persistent block); not worked around
WalkInCoolerWes,curated_senior,unverified,,2026-10-05T13:40:29+00:00,retired (no longer a candidate); was: not checked: reddit returned 403 to every request (persistent block); not worked around
WinterIsForLearning,curated_senior,unverified,,2026-10-05T13:40:29+00:00,retired (no longer a candidate); was: not checked: reddit returned 403 to every request (persistent block); not worked around
FortyFloorsUp,curated_senior,unverified,,2026-10-05T13:40:29+00:00,retired (no longer a candidate); was: not checked: reddit returned 403 to every request (persistent block); not worked around
QueensHighRiseSparky,curated_senior,unverified,,2026-10-05T13:40:29+00:00,retired (no longer a candidate); was: not checked: reddit returned 403 to every request (persistent block); not worked around
BrownstoneGasPlumber,curated_senior,unverified,,2026-10-05T13:40:29+00:00,retired (no longer a candidate); was: not checked: reddit returned 403 to every request (persistent block); not worked around
BklynGasTest,curated_senior,unverified,,2026-10-05T13:40:29+00:00,retired (no longer a candidate); was: not checked: reddit returned 403 to every request (persistent block); not worked around
